{"cameraMode":{"drawMode":0,"name":"Shaded","section":"Shading Mode"},"sceneLighting":true,"audioPlay":false,"sceneViewState":{"m_AlwaysRefresh":false,"showFog":true,"showSkybox":true,"showFlares":true,"showImageEffects":true,"showParticleSystems":true,"showVisualEffectGraphs":true,"m_FxEnabled":true},"in2DMode":false,"pivot":{"x":15.039999961853028,"y":1.3124003410339356,"z":0.14999999105930329},"rotation":{"x":0.0035249684005975725,"y":-0.9811156988143921,"z":0.1925666332244873,"w":0.017963195219635965},"size":0.8660253882408142,"orthographic":false}