{"cameraMode":{"drawMode":0,"name":"Shaded","section":"Shading Mode"},"sceneLighting":true,"audioPlay":false,"sceneViewState":{"m_AlwaysRefresh":false,"showFog":true,"showSkybox":true,"showFlares":true,"showImageEffects":true,"showParticleSystems":true,"showVisualEffectGraphs":true,"m_FxEnabled":true},"in2DMode":false,"pivot":{"x":-7.522786617279053,"y":1.0032833814620972,"z":12.082697868347168},"rotation":{"x":-0.027744591236114503,"y":-0.7231223583221436,"z":0.029090993106365205,"w":-0.6896272301673889},"size":4.3651862144470219,"orthographic":false}
﻿{"cameraMode":{"drawMode":0,"name":"Shaded","section":"Shading Mode"},"sceneLighting":true,"audioPlay":false,"sceneViewState":{"m_AlwaysRefresh":false,"showFog":true,"showSkybox":true,"showFlares":true,"showImageEffects":true,"showParticleSystems":true,"showVisualEffectGraphs":true,"m_FxEnabled":true},"in2DMode":false,"pivot":{"x":10.253790855407715,"y":-94.51895141601563,"z":82.83747863769531},"rotation":{"x":-0.08113650232553482,"y":-0.6887835264205933,"z":0.07803238928318024,"w":-0.7161750197410584},"size":12.12435531616211,"orthographic":false}
